Method,# Runs,Noise-level [dB],Seed,Mean,Std,Time elapsed [s]
jade,100,20,,0.4263243829993836,0.0003128139175565951,3.6975438594818115
jade,100,20,,0.43819796370485464,0.03143703860116543,3.1822421550750732
jade,100,20,,0.43073257530444736,0.011314187365816712,3.1012189388275146
jade,100,20,,0.4279698161024287,0.0075859510509870285,3.080524206161499
jade,100,20,,0.4345703228214848,0.012780351898020296,3.2514808177948
jade,100,20,,0.4293937776644053,0.007410448865826841,3.098328113555908
jade,100,20,,0.42677680562681464,0.016541214228772853,3.190542221069336
jade,100,20,,0.6435952843974608,0.00010221265076955314,5.330642938613892
