Method,# Runs,Noise-level,Seed,Mean,Std,Time elapsed
jade,100,20,,0.4437850514092338,0.0238210799771465,4.081151962280273
